Place of origin - City,Place of origin - Country
Santiago,Chile
Santiago,Chile
,
Santiago,Chile
Santiago,Chile
Santiago,Chile
Montevideo,Uruguay
,
Santiago,Chile
Santiago,Chile
Santiago,Chile
,
,
,
Brussels,Belgium
Santiago,Chile
,
,
Santiago,Chile
Santiago,Chile
Santiago,Chile
,
Berlin,Germany
Santiago,Chile
,
,
Santiago,Chile
Santiago,Chile
,
,
Santiago,Chile
Santiago,Chile
Santiago,Chile
Santiago,Chile
Santiago,Chile
Santiago,Chile
Santiago,Chile
Santiago,Chile
Santiago,Chile
Santiago,Chile
,
Montevideo,Uruguay
Santiago,Chile
Santiago,Chile
Santiago,Chile
Santiago,Chile
Santiago,Chile
Santiago,Chile
Santiago,Chile
Santiago,Chile
Santiago,Chile
Santiago,Chile
Santiago,Chile
Paris,France
Havana,Cuba
Santiago,Chile
Santiago,Chile
Santiago,Chile
Santiago,Chile
Santiago,Chile
Santiago,Chile
,
,
,México
,México
,México
,México
Berlin,Germany
,Germany
New York,United States
New York,United States
,Norway
,Finland
Oslo,Norway
,Sweden
,Sweden
Nuremberg,Germany
Nuremberg,Germany
,Sweden
,Sweden
Stockholm,Sweden
Stockholm,Sweden
Stockholm,Sweden
,
,
Toronto,Canada
Toronto,Canada
Atenas,Costa Rica
Atenas,Costa Rica
,
,United States
,
,Chile
,Chile
,France
Santiago,Chile
,
,
,
,
,
,
Santiago,Chile
,
,
,
Santiago,Chile
Santiago,Chile
Stockholm,Sweden
Stockholm,Sweden
Santiago,Chile
Santiago,Chile
,
Rome,Italy
Havana,Cuba
Berlin,Germany
New York,United States
New York,United States
New York,United States
New York,United States
New York,United States
New York,United States
New York,United States
Berlin,Germany
Santiago,Chile
Santiago,Chile
,
,
Santiago,Chile
Santiago,Chile
,
Madrid,Spain
Leipzig,Germany
Berlin,Germany
Berlin,Germany
Berlin,Germany
Santiago,Chile
Santiago,Chile
Santiago,Chile
,
Santiago,Chile
,England
Santiago,Chile
Havana,Cuba
Havana,Cuba
,
New York,United States
,
Santiago,Chile
Santiago,Chile
,
Santiago,Chile
Santiago,Chile
Santiago,Chile
Santiago,Chile
Berlin,Germany
Berlin,Germany
Berlin,Germany
Berlin,Germany
Berlin,Germany
Berlin,Germany
Berlin,Germany
,
Santiago,Chile
,
,
Berlin,Germany
Santiago,Chile
Santiago,Chile
,Chile
,Germany
,Chile
,Chile
Santiago,Chile
Santiago,Chile
Santiago,Chile
Santiago,Chile
,
,
,
Santiago,Chile
Santiago,Chile
Santiago,Chile
Santiago,Chile
Santiago,Chile
Santiago,Chile
Santiago,Chile
Santiago,Chile
Santiago,Chile
Santiago,Chile
Santiago,Chile
Santiago,Chile
Santiago,Chile
Santiago,Chile
Santiago,Chile
Santiago,Chile
Santiago,Chile
Santiago,Chile
Santiago,Chile
Santiago,Chile
Santiago,Chile
,Germany
,Germany
,Germany
,Germany
,Germany
,Germany
,Germany
,Germany
,Germany
,Germany
,Germany
Paris,France
,
Santiago,Chile
,
,
,Chile
Santiago,Chile
,Chile
Santiago,Chile
Santiago,Chile
Santiago,Chile
Santiago,Chile
,
,United States
,
Washington D.C.,United States
Rome,Italy
,
Santiago,Chile
,
Santiago,Chile
,
,
,
,
Santiago,Chile
Berlin,Germany
,
,
Santiago,Chile
Santiago,Chile
Santiago,Chile
Santiago,Chile
Berlin,Germany
Santiago,Chile
Brussels,Belgium
Brussels,Belgium
Santiago,Chile
Santiago,Chile
Santiago,Chile
Santiago,Chile
Berlin,Germany
Berlin,Germany
Berlin,Germany
Berlin,Germany
Santiago,Chile
Santiago,Chile
Santiago,Chile
Santiago,Chile
Berlin,Germany
Santiago,Chile
Santiago,Chile
Santiago,Chile
Santiago,Chile
Santiago,Chile
Santiago,Chile
Santiago,Chile
Santiago,Chile
,
,
Santiago,Chile
Santiago,Chile
Santiago,Chile
Santiago,Chile
Santiago,Chile
Santiago,Chile
Santiago,Chile
Santiago,Chile
Santiago,Chile
Berlin,Germany
Berlin,Germany
Berlin,Germany
,
Santiago,Chile
Berlin,Germany
Berlin,Germany
Berlin,Germany
Berlin,Germany
Santiago,Chile
Berlin,Germany
Santiago,Chile
Santiago,Chile
,
,
,
Berlin,Germany
Berlin,Germany
Berlin,Germany
Berlin,Germany
Berlin,Germany
Berlin,Germany
Berlin,Germany
Berlin,Germany
,
,Belgium
,Belgium
,France
,France
,Belgium
Santiago,Chile
Berlin,Germany
Berlin,Germany
Berlin,Germany
Berlin,Germany
Paris,France
Paris,France
Concepción,Chile
,Costa Rica
Berlin,Germany
,Venezuela
,México
,
,
,France
Montevideo,Uruguay
Paris,France
,
Paris,France
Paris,France
Paris,France
Paris,France
Paris,France
Paris,France
Paris,France
Paris,France
Paris,France
Paris,France
Brussels,Belgium
Paris,France
,
,Argentina
Paris,France
Paris,France
Berlin,Germany
Helsinki,Finland
Helsinki,Finland
Helsinki,Finland
Helsinki,Finland
Helsinki,Finland
Helsinki,Finland
Helsinki,Finland
Helsinki,Finland
Helsinki,Finland
Helsinki,Finland
Helsinki,Finland
Helsinki,Finland
Helsinki,Finland
Helsinki,Finland
Helsinki,Finland
Helsinki,Finland
Helsinki,Finland
Helsinki,Finland
Helsinki,Finland
Helsinki,Finland
Helsinki,Finland
Helsinki,Finland
Helsinki,Finland
Helsinki,Finland
Helsinki,Finland
Helsinki,Finland
Helsinki,Finland
Helsinki,Finland
Helsinki,Finland
Helsinki,Finland
Helsinki,Finland
Helsinki,Finland
Helsinki,Finland
Helsinki,Finland
Helsinki,Finland
Helsinki,Finland
Helsinki,Finland
Helsinki,Finland
Helsinki,Finland
Helsinki,Finland
Helsinki,Finland
Helsinki,Finland
Helsinki,Finland
Helsinki,Finland
Helsinki,Finland
Helsinki,Finland
Helsinki,Finland
Helsinki,Finland
Helsinki,Finland
Helsinki,Finland
Helsinki,Finland
Helsinki,Finland
Helsinki,Finland
Helsinki,Finland
Helsinki,Finland
Helsinki,Finland
Helsinki,Finland
Helsinki,Finland
Helsinki,Finland
Helsinki,Finland
Helsinki,Finland
Helsinki,Finland
Helsinki,Finland
Helsinki,Finland
Helsinki,Finland
Helsinki,Finland
Helsinki,Finland
Helsinki,Finland
Helsinki,Finland
Helsinki,Finland
Helsinki,Finland
Helsinki,Finland
Helsinki,Finland
Helsinki,Finland
Helsinki,Finland
Helsinki,Finland
Helsinki,Finland
Helsinki,Finland
Helsinki,Finland
Helsinki,Finland
Helsinki,Finland
Helsinki,Finland
Helsinki,Finland
Helsinki,Finland
Helsinki,Finland
Helsinki,Finland
Helsinki,Finland
Helsinki,Finland
Helsinki,Finland
Helsinki,Finland
Helsinki,Finland
Helsinki,Finland
Helsinki,Finland
Helsinki,Finland
Helsinki,Finland
Helsinki,Finland
Helsinki,Finland
Helsinki,Finland
Helsinki,Finland
Helsinki,Finland
Helsinki,Finland
Helsinki,Finland
Helsinki,Finland
Helsinki,Finland
Helsinki,Finland
Helsinki,Finland
Helsinki,Finland
Helsinki,Finland
Helsinki,Finland
Helsinki,Finland
Helsinki,Finland
Helsinki,Finland
Helsinki,Finland
Helsinki,Finland
Helsinki,Finland
Helsinki,Finland
Helsinki,Finland
Helsinki,Finland
Helsinki,Finland
Helsinki,Finland
Helsinki,Finland
Helsinki,Finland
Helsinki,Finland
Helsinki,Finland
Helsinki,Finland
Helsinki,Finland
Helsinki,Finland
Helsinki,Finland
Helsinki,Finland
Helsinki,Finland
Helsinki,Finland
Helsinki,Finland
Helsinki,Finland
Helsinki,Finland
Helsinki,Finland
Helsinki,Finland
Helsinki,Finland
Helsinki,Finland
Helsinki,Finland
Helsinki,Finland
Helsinki,Finland
Helsinki,Finland
Helsinki,Finland
Helsinki,Finland
Helsinki,Finland
Helsinki,Finland
Helsinki,Finland
Helsinki,Finland
Helsinki,Finland
Helsinki,Finland
Helsinki,Finland
Helsinki,Finland
Helsinki,Finland
Helsinki,Finland
Helsinki,Finland
Helsinki,Finland
Helsinki,Finland
Helsinki,Finland
Helsinki,Finland
Helsinki,Finland
Helsinki,Finland
Helsinki,Finland
Helsinki,Finland
Helsinki,Finland
Helsinki,Finland
Helsinki,Finland
Helsinki,Finland
Helsinki,Finland
Helsinki,Finland
Helsinki,Finland
Helsinki,Finland
Helsinki,Finland
Helsinki,Finland
Helsinki,Finland
Helsinki,Finland
Helsinki,Finland
Helsinki,Finland
Helsinki,Finland
Helsinki,Finland
Helsinki,Finland
Helsinki,Finland
Helsinki,Finland
Helsinki,Finland
Helsinki,Finland
Helsinki,Finland
Helsinki,Finland
Helsinki,Finland
Helsinki,Finland
Helsinki,Finland
Helsinki,Finland
Helsinki,Finland
Helsinki,Finland
Helsinki,Finland
Helsinki,Finland
Helsinki,Finland
Helsinki,Finland
Helsinki,Finland
Helsinki,Finland
Helsinki,Finland
Helsinki,Finland
Helsinki,Finland
Helsinki,Finland
Helsinki,Finland
Helsinki,Finland
Helsinki,Finland
Helsinki,Finland
Helsinki,Finland
Helsinki,Finland
Helsinki,Finland
Helsinki,Finland
Helsinki,Finland
Helsinki,Finland
Helsinki,Finland
Helsinki,Finland
Helsinki,Finland
Helsinki,Finland
Helsinki,Finland
Helsinki,Finland
Helsinki,Finland
Helsinki,Finland
Helsinki,Finland
Helsinki,Finland
Helsinki,Finland
Helsinki,Finland
Helsinki,Finland
Helsinki,Finland
Helsinki,Finland
Helsinki,Finland
Helsinki,Finland
Helsinki,Finland
Helsinki,Finland
Helsinki,Finland
Helsinki,Finland
Helsinki,Finland
Helsinki,Finland
Helsinki,Finland
Helsinki,Finland
Helsinki,Finland
Helsinki,Finland
Helsinki,Finland
Helsinki,Finland
Helsinki,Finland
Helsinki,Finland
Helsinki,Finland
Helsinki,Finland
Helsinki,Finland
Helsinki,Finland
Helsinki,Finland
Helsinki,Finland
Helsinki,Finland
Helsinki,Finland
Helsinki,Finland
Helsinki,Finland
Helsinki,Finland
Berlin,Germany
Caracas,Venezuela
Helsinki,Finland
Helsinki,Finland
Helsinki,Finland
,Italy
Helsinki,Finland
Helsinki,Finland
Helsinki,Finland
Helsinki,Finland
Helsinki,Finland
Helsinki,Finland
Helsinki,Finland
Helsinki,Finland
Helsinki,Finland
Helsinki,Finland
Helsinki,Finland
Helsinki,Finland
Helsinki,Finland
Helsinki,Finland
Helsinki,Finland
Helsinki,Finland
Helsinki,Finland
Helsinki,Finland
Helsinki,Finland
Helsinki,Finland
Helsinki,Finland
Helsinki,Finland
Helsinki,Finland
Helsinki,Finland
Oslo,Norway
Oslo,Norway
Oslo,Norway
Oslo,Norway
Oslo,Norway
Oslo,Norway
Oslo,Norway
Oslo,Norway
Oslo,Norway
,Finland
Oslo,Norway
Oslo,Norway
Oslo,Norway
Oslo,Norway
Oslo,Norway
Oslo,Norway
Oslo,Norway
Oslo,Norway
,Algeria
,Algeria
,Algeria
,Algeria
,Algeria
,Algeria
,Algeria
,Algeria
,Algeria
,Algeria
,Algeria
,Algeria
,Algeria
,Algeria
,Algeria
,Algeria
,Algeria
,Algeria
,Algeria
,Algeria
,Algeria
,Algeria
,Algeria
,Algeria
,Algeria
,Algeria
,Algeria
,Algeria
,Algeria
,Algeria
,Algeria
,Algeria
,Algeria
,Algeria
,Algeria
,Algeria
,Algeria
,Algeria
,Algeria
Rome,Italy
Atenas,Costa Rica
Santiago,Chile
Santiago,Chile
Leipzig,Germany
Leipzig,Germany
Havana,Cuba
Havana,Cuba
Berlin,Germany
,
,
Talca,Chile
,
,Chile
Santiago,Chile
,Chile
,Chile
,Chile
Santiago,Chile
Santiago,Chile
Santiago,Chile
,
Santiago,Chile
Santiago,Chile
,
,
Saint-Denis,France
,
,
,
Santiago,Chile
,Algeria
,Algeria
Paris,France
Paris,France
Paris,France
,Algeria
,United States
Santiago,Chile
,
,
Santiago,Chile
,Chile
,Chile
Santiago,Chile
Santiago,Chile
Paris,France
Paris,France
Santiago,Chile
,
Santiago,Chile
Santiago,Chile
,
Rome,Italy
Santiago,Chile
Santiago,Chile
,
Santiago,Chile
,
,
Helsinki,Finland
Rome,Italy
,
,
,
Copenhagen,Denmark
,Algeria
Rome,Italy
Berlin,Germany
,
Rome,Italy
Berlin,Germany
Berlin,Germany
,
Berlin,Germany
Atenas,Costa Rica
,
,Germany
,Germany
,
,
,
Berlin,Germany
Rome,Italy
Rome,Italy
Rome,Italy
Berlin,Germany
Berlin,Germany
Rome,Italy
Rome,Italy
Rome,Italy
Berlin,Germany
Berlin,Germany
Atenas,Costa Rica
Atenas,Costa Rica
Atenas,Costa Rica
Atenas,Costa Rica
Atenas,Costa Rica
Atenas,Costa Rica
Atenas,Costa Rica
Atenas,Costa Rica
Atenas,Costa Rica
Atenas,Costa Rica
Atenas,Costa Rica
Atenas,Costa Rica
Atenas,Costa Rica
Atenas,Costa Rica
Atenas,Costa Rica
Atenas,Costa Rica
Atenas,Costa Rica
Atenas,Costa Rica
Atenas,Costa Rica
Atenas,Costa Rica
Atenas,Costa Rica
Atenas,Costa Rica
Atenas,Costa Rica
Atenas,Costa Rica
Rome,Italy
Rome,Italy
Rome,Italy
Rome,Italy
Rome,Italy
Rome,Italy
Rome,Italy
Rome,Italy
Rome,Italy
Rome,Italy
Rome,Italy
Rome,Italy
Rome,Italy
Rome,Italy
Rome,Italy
Rome,Italy
Rome,Italy
Rome,Italy
Rome,Italy
Rome,Italy
Rome,Italy
Rome,Italy
Rome,Italy
Rome,Italy
Rome,Italy
Rome,Italy
Rome,Italy
Rome,Italy
Rome,Italy
Rome,Italy
Rome,Italy
Rome,Italy
Rome,Italy
Rome,Italy
Rome,Italy
Rome,Italy
Rome,Italy
Rome,Italy
Rome,Italy
Rome,Italy
Rome,Italy
Washington D.C.,United States
Washington D.C.,United States
,
,
,
Geneva,Switzerland
Helsinki,Finland
Budapest,Hungary
Helsinki,Finland
Sofia,Bulgaria
Atenas,Costa Rica
Atenas,Costa Rica
Atenas,Costa Rica
Atenas,Costa Rica
Rome,Italy
Rome,Italy
Rome,Italy
Rome,Italy
Rome,Italy
Rome,Italy
Bergen,Norway
,México
Copenhagen,Denmark
Santiago,Chile
,México
Sydney,Australia
Sydney,Australia
Santiago,Chile
Paris,France
,
,
,
Paris,France
Paris,France
Paris,France
Paris,France
Paris,France
Santiago,Chile
Geneva,Switzerland
Geneva,Switzerland
,
New York,United States
,
Rome,Italy
Rome,Italy
,
,
,
,
Santiago,Chile
,
Santiago,Chile
Santiago,Chile
Santiago,Chile
Santiago,Chile
Santiago,Chile
Santiago,Chile
Toronto,Canada
Toronto,Canada
,
,
Geneva,Switzerland
Geneva,Switzerland
,
Geneva,Switzerland
Berlin,Germany
,
Santiago,Chile
,
Paris,France
,
,
,
Utrecht,Netherlands
Utrecht,Netherlands
Utrecht,Netherlands
Utrecht,Netherlands
Berlin,Germany
Barcelona,Spain
,
Santiago,Chile
,
Santiago,Chile
Santiago,Chile
Brussels,Belgium
,
Santiago,Chile
Quebec,Canada
Santiago,Chile
Santiago,Chile
Santiago,Chile
Stockholm,Sweden
Stockholm,Sweden
,México
,
,
,Germany
,
Berlin,Germany
Baghdad,Iraq
Baghdad,Iraq
Santiago,Chile
,
Santiago,Chile
Santiago,Chile
,
,
Temuco,Chile
,
Santiago,Chile
,
,
Santiago,Chile
,
Santiago,Chile
Santiago,Chile
Santiago,Chile
Santiago,Chile
Santiago,Chile
,
,
Santiago,Chile
Santiago,Chile
Geneva,Switzerland
Geneva,Switzerland
,
Geneva,Switzerland
Geneva,Switzerland
Geneva,Switzerland
Geneva,Switzerland
Geneva,Switzerland
Geneva,Switzerland
Geneva,Switzerland
Geneva,Switzerland
Geneva,Switzerland
Geneva,Switzerland
Geneva,Switzerland
Geneva,Switzerland
Geneva,Switzerland
Geneva,Switzerland
Geneva,Switzerland
Geneva,Switzerland
,
Geneva,Switzerland
Geneva,Switzerland
Geneva,Switzerland
Geneva,Switzerland
Geneva,Switzerland
,
,
Washington D.C.,United States
Washington D.C.,United States
Washington D.C.,United States
New York,United States
Berlin,Germany
Leipzig,Germany
,
,
,
New York,United States
,
New York,United States
New York,United States
,
Geneva,Switzerland
Geneva,Switzerland
Rome,Italy
,
,
,
,
,
New York,United States
New York,United States
New York,United States
New York,United States
Santiago,Chile
,
,
,
,
,
,
New York,United States
,
,
,
,
Berlin,Germany
Berlin,Germany
Washington D.C.,United States
,
,
,
Geneva,Switzerland
Geneva,Switzerland
Geneva,Switzerland
Geneva,Switzerland
Geneva,Switzerland
Geneva,Switzerland
Geneva,Switzerland
,Venezuela
Geneva,Switzerland
Paris,France
,
Geneva,Switzerland
Berlin,Germany
Washington D.C.,United States
Geneva,Switzerland
,
,
Rome,Italy
Rome,Italy
Geneva,Switzerland
Bremen,Germany
Geneva,Switzerland
Santiago,Chile
Santiago,Chile
Montevideo,Uruguay
,Chile
,Chile
,
,Chile
,Chile
,
,
Santiago,Chile
,Chile
,Chile
,
,
Montevideo,Uruguay
,Chile
,
,Chile
,Chile
,
,
,
,
,Cuba
,
,
,Chile
Montevideo,Uruguay
,
Montevideo,Uruguay
,
Santiago,Chile
,
Santiago,Chile
Santiago,Chile
Santiago,Chile
Santiago,Chile
Santiago,Chile
Santiago,Chile
Santiago,Chile
,
,
Brussels,Belgium
,
Belgrade,Serbia
,
,
,
,
,
Washington D.C.,United States
Washington D.C.,United States
Washington D.C.,United States
Santiago,Chile
Santiago,Chile
Berlin,Germany
Washington D.C.,United States
,
,
New York,United States
,
,
,
,
,
,
,
,
,
,
,
,
,
Santiago,Chile
Santiago,Chile
Santiago,Chile
Helsinki,Finland
,
,
,
,
Santiago,Chile
,
,
,
,
,
,
,
,
,
Santiago,Chile
Santiago,Chile
Santiago,Chile
Santiago,Chile
Santiago,Chile
Santiago,Chile
Santiago,Chile
Santiago,Chile
Santiago,Chile
Santiago,Chile
Santiago,Chile
,
Santiago,Chile
Santiago,Chile
Santiago,Chile
Santiago,Chile
Santiago,Chile
Santiago,Chile
Santiago,Chile
Santiago,Chile
Santiago,Chile
Santiago,Chile
Santiago,Chile
Santiago,Chile
Santiago,Chile
Santiago,Chile
Santiago,Chile
,
Santiago,Chile
Santiago,Chile
Santiago,Chile
Santiago,Chile
,
Santiago,Chile
Santiago,Chile
Santiago,Chile
Santiago,Chile
Santiago,Chile
,
,
,
London,England
,
Santiago,Chile
,
,
Santiago,Chile
,
Santiago,Chile
Santiago,Chile
Santiago,Chile
Santiago,Chile
Santiago,Chile
Santiago,Chile
Santiago,Chile
Santiago,Chile
Santiago,Chile
,
Santiago,Chile
Santiago,Chile
Santiago,Chile
,
,
Madrid,Spain
Madrid,Spain
,
,
,
Santiago,Chile
Santiago,Chile
Santiago,Chile
Santiago,Chile
Santiago,Chile
,
,
,
,
,
,
,
,
,
,
,
,
,
,
,
Santiago,Chile
,
California,United States
Santiago,Chile
Santiago,Chile
Santiago,Chile
Santiago,Chile
Santiago,Chile
,
Berlin,Germany
Brussels,Belgium
Stockholm,Sweden
,
Rome,Italy
Rome,Italy
Santiago,Chile
Santiago,Chile
Santiago,Chile
Santiago,Chile
Santiago,Chile
Santiago,Chile
Santiago,Chile
Santiago,Chile
Santiago,Chile
Santiago,Chile
Santiago,Chile
,
Montevideo,Uruguay
Montevideo,Uruguay
Paris,France
Paris,France
Paris,France
Paris,France
Paris,France
Santiago,Chile
Montevideo,Uruguay
Montevideo,Uruguay
Santiago,Chile
,
Santiago,Chile
Santiago,Chile
,
,
,
,
,
,
,Chile
,
New York,United States
Santiago,Chile
Montevideo,Uruguay
Santiago,Chile
Santiago,Chile
Santiago,Chile
Santiago,Chile
Santiago,Chile
Santiago,Chile
,
,
Santiago,Chile
Santiago,Chile
,
Santiago,Chile
,
Santiago,Chile
,
,
,
Santiago,Chile
Santiago,Chile
Santiago,Chile
Santiago,Chile
,
,
,
Paris,France
,
,
Santiago,Chile
Santiago,Chile
Santiago,Chile
,
,
Berlin,Germany
Berlin,Germany
Berlin,Germany
Berlin,Germany
,
Berlin,Germany
Santiago,Chile
Santiago,Chile
Santiago,Chile
Santiago,Chile
Leipzig,Germany
,
,
,
,
Santiago,Chile
Montevideo,Uruguay
Santiago,Chile
Santiago,Chile
,
,
Berlin,Germany
,
,
,
,
,
,
,
,
,
Denver,United States
,
,
,
Havana,Cuba
,Algeria
,Sri Lanka
Berlin,Germany
,Sri Lanka
,Guatemala
Washington D.C.,United States
Santiago,Chile
,
Santiago,Chile
,
Santiago,Chile
,
Santiago,Chile
Santiago,Chile
Santiago,Chile
Caracas,
Santiago,Chile
Santiago,Chile
Santiago,Chile
Santiago,Chile
,
Santiago,Chile
Santiago,Chile
Santiago,Chile
Santiago,Chile
Santiago,Chile
Santiago,Chile
Santiago,Chile
,
Santiago,Chile
Santiago,Chile
Santiago,Chile
,
,
,
,
,
Santiago,Chile
Santiago,Chile
Santiago,Chile
Santiago,Chile
Santiago,Chile
Santiago,Chile
Santiago,Chile
Santiago,Chile
Montevideo,Uruguay
Santiago,Chile
Paris,France
,
,
,
Santiago,Chile
,
Montevideo,Uruguay
,
,
Santiago,Chile
,Chile
,
Santiago,Chile
Havana,Cuba
,
Valparaiso,Chile
Valparaiso,Chile
Valparaiso,Chile
Valparaiso,Chile
,
,
,
,
Santiago,Chile
,Germany
,
,
Santiago,Chile
Santiago,Chile
Berlin,Germany
,
,México
,México
Havana,Cuba
Havana,Cuba
,
Brussels,Belgium
Geneva,Switzerland
Concepción,Chile
,
,
Toronto,Canada
Atenas,Costa Rica
,
,
,
,
Dakar,Senegal
Conakry,Guinea
,
,
,
,
,
Santiago,Chile
Santiago,Chile
Santiago,Chile
,
,
,
,
,
,
,
,
,
Berlin,Germany
Santiago,Chile
Copenhagen,Denmark
Madrid,Spain
Santiago,Chile
,
Caracas,Venezuela
,
Santiago,Chile
Santiago,Chile
Santiago,Chile
Santiago,Chile
Santiago,Chile
,
,
,
Santiago,Chile
,
Santiago,Chile
,
Santiago,Chile
,
,
,
,
Santiago,Chile
Santiago,Chile
Santiago,Chile
,
Santiago,Chile
Santiago,Chile
,
,
,
,
,
,
,
,
Santiago,Chile
Santiago,Chile
Santiago,Chile
Santiago,Chile
Santiago,Chile
Santiago,Chile
Santiago,Chile
Santiago,Chile
,
,
,
,
,
,
,
,
,
,
,
,
Santiago,Chile
Santiago,Chile
Santiago,Chile
Santiago,Chile
Santiago,Chile
Santiago,Chile
Santiago,Chile
Santiago,Chile
Santiago,Chile
Santiago,Chile
Santiago,Chile
Santiago,Chile
Santiago,Chile
Santiago,Chile
Santiago,Chile
Santiago,Chile
,
Santiago,Chile
Santiago,Chile
Santiago,Chile
,
,
Santiago,Chile
,
,
,
Santiago,Chile
,
,
,
,
Santiago,Chile
Santiago,Chile
Santiago,Chile
Antofagasta,Chile
Antofagasta,Chile
Antofagasta,Chile
Santiago,Chile
,
,
,
,
,
,
,
,
,
,
,
,
,
,
,
,
,
,
,
,
,
,
,
,
,
,
,
,
,
,Chile
,
Berlin,Germany
,
,
,
,
,
,
Santiago,Chile
,
,
,
,
,
,
,
,
,
,
,
,
,
,
,
,
,
,
,
,
,
,
,
,
,
,
,
Santiago,Chile
Santiago,Chile
,Chile
Madrid,Spain
,Chile
Madrid,Spain
Santiago,Chile
Santiago,Chile
Santiago,Chile
Santiago,Chile
Santiago,Chile
,
,
Santiago,Chile
Santiago,Chile
Santiago,Chile
Santiago,Chile
Santiago,Chile
Santiago,Chile
,
,
,
,
,
,
,
,
,
,
,
,
,
,
,
,
,
,
,
,Chile
,Chile
,Chile
,Chile
,Chile
,Chile
Santiago,Chile
Santiago,Chile
Santiago,Chile
Santiago,Chile
Santiago,Chile
,
,
,
,
,
,
,
,
,
,
,
,
,
,
,
,
,
,
,
,
,
,
,
,
,
,
,
,
,
,
,
,
,
,
,
,
,
,
,
,
,
,
,
,
,
,
,
,
,
,
,
Santiago,Chile
,
Santiago,Chile
,
Santiago,Chile
Santiago,Chile
,
,
,
,
,
,
,
,
,
,
,
,
,
,
,
,
,
,
,
,
,
,
,
,
,
,
,
,
,
,
,
,
,
,
,
,
,
,
,
,
,
,
,
,
,
,
Havana,Cuba
Caracas,Venezuela
,
,
,
,
,
Rome,Italy
Santiago,Chile
Santiago,Chile
,
,
,
,
,
,
,
,
Rome,Italy
,
,
Rome,Italy
,
,
,
,
,
,
,
,
,
,England
,England
,England
,England
,England
Santiago,Chile
Santiago,Chile
Santiago,Chile
Santiago,Chile
Santiago,Chile
Santiago,Chile
Santiago,Chile
Santiago,Chile
Santiago,Chile
Santiago,Chile
Santiago,Chile
Santiago,Chile
Santiago,Chile
Santiago,Chile
Santiago,Chile
Santiago,Chile
Santiago,Chile
Santiago,Chile
Santiago,Chile
Santiago,Chile
Santiago,Chile
Santiago,Chile
Santiago,Chile
Santiago,Chile
Santiago,Chile
Santiago,Chile
Santiago,Chile
Santiago,Chile
Santiago,Chile
Santiago,Chile
Santiago,Chile
Santiago,Chile
Santiago,Chile
Santiago,Chile
Santiago,Chile
Santiago,Chile
Santiago,Chile
Santiago,Chile
Santiago,Chile
Santiago,Chile
Santiago,Chile
Santiago,Chile
Santiago,Chile
Santiago,Chile
Santiago,Chile
Santiago,Chile
Santiago,Chile
Santiago,Chile
Santiago,Chile
Santiago,Chile
Santiago,Chile
Santiago,Chile
Santiago,Chile
Santiago,Chile
Santiago,Chile
Santiago,Chile
Santiago,Chile
Santiago,Chile
Santiago,Chile
Santiago,Chile
Santiago,Chile
Santiago,Chile
Santiago,Chile
Santiago,Chile
Santiago,Chile
Santiago,Chile
Santiago,Chile
Santiago,Chile
Santiago,Chile
Santiago,Chile
Santiago,Chile
Santiago,Chile
Santiago,Chile
,Chile
Santiago,Chile
Santiago,Chile
Santiago,Chile
Santiago,Chile
,Chile
,Chile
,Chile
Santiago,Chile
Santiago,Chile
Santiago,Chile
Santiago,Chile
Santiago,Chile
Santiago,Chile
Santiago,Chile
,Chile
Santiago,Chile
Santiago,Chile
Santiago,Chile
Santiago,Chile
Santiago,Chile
,Chile
Santiago,Chile
Santiago,Chile
Santiago,Chile
Santiago,Chile
Santiago,Chile
Santiago,Chile
Santiago,Chile
Santiago,Chile
Santiago,Chile
Santiago,Chile
,Chile
Santiago,Chile
Santiago,Chile
Santiago,Chile
Santiago,Chile
Santiago,Chile
Santiago,Chile
Santiago,Chile
,Chile
Santiago,Chile
Santiago,Chile
Santiago,Chile
Santiago,Chile
Santiago,Chile
Santiago,Chile
Santiago,Chile
Santiago,Chile
Santiago,Chile
Santiago,Chile
Santiago,Chile
Santiago,Chile
Santiago,Chile
Santiago,Chile
Santiago,Chile
Santiago,Chile
Santiago,Chile
Santiago,Chile
Santiago,Chile
Santiago,Chile
Santiago,Chile
Santiago,Chile
Santiago,Chile
Santiago,Chile
Santiago,Chile
Santiago,Chile
Santiago,Chile
Santiago,Chile
,Chile
Santiago,Chile
Santiago,Chile
Santiago,Chile
Santiago,Chile
,Chile
Santiago,Chile
,Chile
,Chile
Santiago,Chile
,Chile
,Chile
Santiago,Chile
Santiago,Chile
Santiago,Chile
,Chile
Santiago,Chile
Santiago,Chile
Santiago,Chile
Santiago,Chile
,Chile
,Chile
Santiago,Chile
Santiago,Chile
Santiago,Chile
Santiago,Chile
Santiago,Chile
Santiago,Chile
Santiago,Chile
Santiago,Chile
Santiago,Chile
Santiago,Chile
,
,
Santiago,Chile
Santiago,Chile
Santiago,Chile
Santiago,Chile
Santiago,Chile
Santiago,Chile
Santiago,Chile
Santiago,Chile
Santiago,Chile
Santiago,Chile
Santiago,Chile
Santiago,Chile
Santiago,Chile
Santiago,Chile
Santiago,Chile
Santiago,Chile
Santiago,Chile
Santiago,Chile
Santiago,Chile
Santiago,Chile
Santiago,Chile
Santiago,Chile
Santiago,Chile
Santiago,Chile
,Chile
Santiago,Chile
Santiago,Chile
Santiago,Chile
Santiago,Chile
Santiago,Chile
Santiago,Chile
Santiago,Chile
Santiago,Chile
Santiago,Chile
Santiago,Chile
Santiago,Chile
Santiago,Chile
Santiago,Chile
Santiago,Chile
Santiago,Chile
Santiago,Chile
Santiago,Chile
Santiago,Chile
Santiago,Chile
Santiago,Chile
Santiago,Chile
Santiago,Chile
Santiago,Chile
Santiago,Chile
Santiago,Chile
Santiago,Chile
Santiago,Chile
Santiago,Chile
Santiago,Chile
Santiago,Chile
Santiago,Chile
Santiago,Chile
,Chile
Santiago,Chile
,México
,Chile
,
Santiago,Chile
Santiago,Chile
,Brazil
,
Santiago,Chile
Santiago,Chile
,Chile
Santiago,Chile
Santiago,Chile
Santiago,Chile
Valparaiso,Chile
Santiago,Chile
,Chile
,Chile
Santiago,Chile
Santiago,Chile
Santiago,Chile
Santiago,Chile
Santiago,Chile
Santiago,Chile
,
,
,
,
,
Santiago,Chile
,
,Chile
Santiago,Chile
Madrid,Spain
,Chile
,Chile
,United States
Santiago,Chile
Santiago,Chile
Santiago,Chile
,Italy
Santiago,Chile
Santiago,Chile
,Italy
Santiago,Chile
,Italy
Santiago,Chile
Sao Paulo,Brazil
,Sweden
,
La Serena,Chile
,
California,United States
La Serena,Chile
La Serena,Chile
Copiapó,Chile
Santiago,Chile
Geneva,Switzerland
Talca,Chile
Copiapó,Chile
Copiapó,Chile
,
La Serena,Chile
La Serena,Chile
La Serena,Chile
Calama,Chile
La Serena,Chile
,
,
Santiago,Chile
Santiago,Chile
,
Santiago,Chile
,
La Serena,Chile
,
,
,
,
,
,
,
,
,
,
,
,
,
,
,
,
,
Santiago,Chile
,
,
,
,
,
,
,
,
,
,
,
,
,
,
,
,
,
,
,
,
,
,
,
,
,
,
,
Washington D.C.,United States
,
,
Santiago,Chile
,
,
Santiago,Chile
Washington D.C.,United States
Buenos Aires,Argentina
Santiago,Chile
Santiago,Chile
,
Santiago,Chile
,
Santiago,Chile
Santiago,Chile
Santiago,Chile
Washington D.C.,United States
,
Washington D.C.,United States
,
,
Santiago,Chile
Santiago,Chile
Santiago,Chile
,
San José,Costa Rica
,
New York,United States
,
,
,
Washington D.C.,United States
Santiago,Chile
,
,
,
Washington D.C.,United States
,
Santiago,Chile
Santiago,Chile
,
,
Santiago,Chile
Santiago,Chile
,
Santiago,Chile
,
Santiago,Chile
Santiago,Chile
New York,United States
Santiago,Chile
Santiago,Chile
Santiago,Chile
Santiago,Chile
Santiago,Chile
Santiago,Chile
Washington D.C.,United States
Santiago,Chile
Santiago,Chile
Washington D.C.,United States
Santiago,Chile
Santiago,Chile
Santiago,Chile
,
,
,
Washington D.C.,United States
Santiago,Chile
,
,United States
,United States
,Chile
,Chile
,Chile
,Chile
,United States
,
,
,
,
,
,
,
,
,
,
,
,
,
,
,
,
,
,
,
,
,
,
,
,
,
,
,
,
,
,
,
,
,
Santiago,Chile
Santiago,Chile
Santiago,Chile
Santiago,Chile
Santiago,Chile
Santiago,Chile
,Germany
Santiago,Chile
Santiago,Chile
Santiago,Chile
Santiago,Chile
Santiago,Chile
Santiago,Chile
Santiago,Chile
Santiago,Chile
Santiago,Chile
Santiago,Chile
Santiago,Chile
Santiago,Chile
Santiago,Chile
Santiago,Chile
Santiago,Chile
Santiago,Chile
London,England
London,England
Santiago,Chile
Santiago,Chile
Santiago,Chile
Santiago,Chile
Santiago,Chile
Santiago,Chile
Santiago,Chile
Santiago,Chile
Santiago,Chile
Santiago,Chile
Santiago,Chile
Santiago,Chile
Santiago,Chile
Santiago,Chile
Santiago,Chile
Santiago,Chile
Santiago,Chile
Santiago,Chile
Santiago,Chile
Santiago,Chile
Santiago,Chile
Santiago,Chile
Santiago,Chile
Santiago,Chile
Santiago,Chile
Santiago,Chile
Santiago,Chile
Santiago,Chile
Santiago,Chile
Santiago,Chile
Santiago,Chile
Santiago,Chile
Santiago,Chile
Asunción,Paraguay
Santiago,Chile
Santiago,Chile
Santiago,Chile
Santiago,Chile
Santiago,Chile
Santiago,Chile
Santiago,Chile
Santiago,Chile
Santiago,Chile
Santiago,Chile
Santiago,Chile
Santiago,Chile
Santiago,Chile
Santiago,Chile
Santiago,Chile
Santiago,Chile
Santiago,Chile
Santiago,Chile
Santiago,Chile
Santiago,Chile
Santiago,Chile
Santiago,Chile
Santiago,Chile
Santiago,Chile
Santiago,Chile
Santiago,Chile
Santiago,Chile
Santiago,Chile
Santiago,Chile
Santiago,Chile
Santiago,Chile
Santiago,Chile
Santiago,Chile
Santiago,Chile
Santiago,Chile
Santiago,Chile
Santiago,Chile
Santiago,Chile
Santiago,Chile
Santiago,Chile
Santiago,Chile
Santiago,Chile
Santiago,Chile
Santiago,Chile
Santiago,Chile
Santiago,Chile
Santiago,Chile
Santiago,Chile
Santiago,Chile
Santiago,Chile
Santiago,Chile
Santiago,Chile
Santiago,Chile
Santiago,Chile
Santiago,Chile
Santiago,Chile
Santiago,Chile
Santiago,Chile
Santiago,Chile
Santiago,Chile
Santiago,Chile
Santiago,Chile
Santiago,Chile
Santiago,Chile
Santiago,Chile
Santiago,Chile
Santiago,Chile
Santiago,Chile
,Sweden
Lisbon,Portugal
Santiago,Chile
Santiago,Chile
Santiago,Chile
Santiago,Chile
Santiago,Chile
Santiago,Chile
Brussels,Belgium
Santiago,Chile
Santiago,Chile
Santiago,Chile
Santiago,Chile
Santiago,Chile
Santiago,Chile
,
Santiago,Chile
Santiago,Chile
Santiago,Chile
Santiago,Chile
Santiago,Chile
Santiago,Chile
Santiago,Chile
Santiago,Chile
Santiago,Chile
Santiago,Chile
Santiago,Chile
Santiago,Chile
,
La Serena,Chile
Arica,Chile
,
,
,
,
,
,
Tocopilla,Chile
,
,
,
,
,
,
,
,
Santiago,Chile
,Canada
Winnipeg,Canada
,
New York,United States
Florida,United States
Santiago,Chile
Santiago,Chile
Santiago,Chile
Santiago,Chile
,
Santiago,Chile
Calama,Chile
Temuco,Chile
Tocopilla,Chile
,Belgium
Santiago,Chile
Santiago,Chile
Santiago,Chile
Santiago,Chile
Santiago,Chile
Santiago,Chile
Santiago,Chile
Santiago,Chile
Santiago,Chile
Santiago,Chile
Santiago,Chile
Santiago,Chile
Santiago,Chile
Santiago,Chile
Santiago,Chile
Santiago,Chile
Santiago,Chile
Santiago,Chile
Santiago,Chile
Santiago,Chile
Santiago,Chile
Santiago,Chile
Santiago,Chile
Santiago,Chile
Santiago,Chile
Santiago,Chile
Santiago,Chile
Santiago,Chile
Santiago,Chile
Santiago,Chile
Santiago,Chile
Santiago,Chile
Santiago,Chile
Santiago,Chile
Santiago,Chile
Santiago,Chile
Santiago,Chile
Santiago,Chile
Santiago,Chile
Santiago,Chile
Santiago,Chile
Santiago,Chile
Santiago,Chile
Santiago,Chile
Santiago,Chile
Santiago,Chile
Santiago,Chile
Santiago,Chile
Santiago,Chile
Santiago,Chile
Santiago,Chile
Santiago,Chile
Santiago,Chile
Santiago,Chile
Santiago,Chile
Santiago,Chile
Santiago,Chile
Santiago,Chile
Concepción,Chile
Santiago,Chile
Santiago,Chile
Santiago,Chile
Santiago,Chile
Santiago,Chile
Santiago,Chile
Santiago,Chile
Santiago,Chile
Santiago,Chile
Santiago,Chile
Santiago,Chile
Santiago,Chile
Santiago,Chile
Santiago,Chile
Santiago,Chile
Santiago,Chile
Santiago,Chile
Santiago,Chile
Santiago,Chile
Santiago,Chile
Santiago,Chile
Santiago,Chile
Santiago,Chile
Santiago,Chile
Santiago,Chile
Santiago,Chile
Santiago,Chile
Santiago,Chile
Santiago,Chile
Santiago,Chile
Santiago,Chile
Santiago,Chile
Santiago,Chile
Santiago,Chile
Santiago,Chile
Santiago,Chile
Santiago,Chile
Santiago,Chile
Santiago,Chile
Santiago,Chile
Santiago,Chile
,
,
,
,
,
,
,
,
,
,
,
,
,
,
,
,
,
,
,
,
,
,
,
,
,
,
,
,
,
,
,
,
,
Santiago,Chile
Santiago,Chile
Santiago,Chile
Santiago,Chile
,
,
Santiago,Chile
Santiago,Chile
,
Santiago,Chile
,
,
,
,
Santiago,Chile
Santiago,Chile
Santiago,Chile
,
Santiago,Chile
,
Santiago,Chile
Santiago,Chile
Santiago,Chile
Santiago,Chile
Santiago,Chile
,
Santiago,Chile
,
Santiago,Chile
Santiago,Chile
Santiago,Chile
,
Santiago,Chile
,
Santiago,Chile
Santiago,Chile
Santiago,Chile
,
Santiago,Chile
Santiago,Chile
Santiago,Chile
Santiago,Chile
,
Santiago,Chile
Santiago,Chile
,
,
,
,
,
,
,
,
,
Talca,Chile
Santiago,Chile
Santiago,Chile
Santiago,Chile
Santiago,Chile
Santiago,Chile
Santiago,Chile
,
,
,
,
Santiago,Chile
,
,
,
,
Madrid,Spain
Madrid,Spain
,
Santiago,Chile
Temuco,Chile
Talca,Chile
La Calera,Chile
Madrid,Spain
Santiago,Chile
Santiago,Chile
,
,
,
Santiago,Chile
Santiago,Chile
Santiago,Chile
,
,
Santiago,Chile
,
,
Texas,United States
Cauquenes,Chile
Osorno,Chile
Concepción,Chile
La Rioja,Spain
,
,
,
,
,
,
Santiago,Chile
Antofagasta,Chile
Brussels,Belgium
,
Santiago,Chile
Santiago,Chile
Santiago,Chile
,
Santiago,Chile
Santiago,Chile
Santiago,Chile
Santiago,Chile
Santiago,Chile
,
Santiago,Chile
,
,
,
Santiago,Chile
Santiago,Chile
Santiago,Chile
,
Santiago,Chile
Santiago,Chile
Santiago,Chile
Santiago,Chile
Santiago,Chile
,
Santiago,Chile
,
Santiago,Chile
Santiago,Chile
Santiago,Chile
Santiago,Chile
,
Santiago,Chile
,
Santiago,Chile
,
Santiago,Chile
,
,
,
Santiago,Chile
,
Santiago,Chile
Iquique,Chile
,
,
Santiago,Chile
,
Santiago,Chile
Santiago,Chile
,
,Chile
,
,
,
,
,
,Spain
,Spain
,Spain
,Spain
,Spain
,Spain
,Spain
,
,
,Spain
Santiago,Chile
,Chile
,
,
,
,
Santiago,Chile
Santiago,Chile
Santiago,Chile
Santiago,Chile
Washington D.C.,United States
Santiago,Chile
Santiago,Chile
Santiago,Chile
Santiago,Chile
Santiago,Chile
Santiago,Chile
Santiago,Chile
Santiago,Chile
Santiago,Chile
Santiago,Chile
Santiago,Chile
,
Santiago,Chile
Santiago,Chile
Santiago,Chile
Santiago,Chile
Santiago,Chile
Santiago,Chile
Santiago,Chile
Atenas,Costa Rica
Atenas,Costa Rica
Atenas,Costa Rica
Atenas,Costa Rica
Atenas,Costa Rica
Atenas,Costa Rica
Atenas,Costa Rica
Atenas,Costa Rica
Atenas,Costa Rica
Atenas,Costa Rica
Atenas,Costa Rica
Atenas,Costa Rica
Atenas,Costa Rica
Atenas,Costa Rica
Atenas,Costa Rica
Atenas,Costa Rica
Atenas,Costa Rica
Atenas,Costa Rica
Atenas,Costa Rica
Atenas,Costa Rica
Atenas,Costa Rica
Atenas,Costa Rica
Atenas,Costa Rica
Atenas,Costa Rica
Atenas,Costa Rica
Atenas,Costa Rica
Atenas,Costa Rica
Atenas,Costa Rica
Atenas,Costa Rica
Atenas,Costa Rica
Atenas,Costa Rica
Atenas,Costa Rica
Atenas,Costa Rica
Atenas,Costa Rica
Atenas,Costa Rica
Atenas,Costa Rica
Atenas,Costa Rica
Atenas,Costa Rica
Atenas,Costa Rica
Atenas,Costa Rica
Atenas,Costa Rica